{
	"credit": "Made with Blockbench",
	"texture_size": [64, 64],
	"textures": {
		"1": "mb:item/herobrine/herobrine"
	},
	"elements": [
		{
			"name": "rightleg",
			"from": [4, 0, 6],
			"to": [8, 12, 10],
			"rotation": {"angle": 0, "axis": "x", "origin": [6, 12, 8]},
			"faces": {
				"north": {"uv": [2, 5, 3, 8], "texture": "#1"},
				"east": {"uv": [3, 5, 4, 8], "texture": "#1"},
				"south": {"uv": [6, 0, 7, 3], "texture": "#1"},
				"west": {"uv": [6, 3, 7, 6], "texture": "#1"},
				"up": {"uv": [10, 5, 9, 4], "texture": "#1"},
				"down": {"uv": [10, 5, 9, 6], "texture": "#1"}
			}
		},
		{
			"name": "leftleg",
			"from": [8, 0, 6],
			"to": [12, 12, 10],
			"rotation": {"angle": 0, "axis": "x", "origin": [10, 12, 8]},
			"faces": {
				"north": {"uv": [4, 6, 5, 9], "texture": "#1"},
				"east": {"uv": [5, 6, 6, 9], "texture": "#1"},
				"south": {"uv": [6, 6, 7, 9], "texture": "#1"},
				"west": {"uv": [0, 7, 1, 10], "texture": "#1"},
				"up": {"uv": [7, 10, 6, 9], "texture": "#1"},
				"down": {"uv": [10, 6, 9, 7], "texture": "#1"}
			}
		},
		{
			"name": "rightarm",
			"from": [12, 20, 6.1],
			"to": [16, 32, 10.1],
			"rotation": {"angle": -22.5, "axis": "z", "origin": [14, 22, 8]},
			"faces": {
				"north": {"uv": [7, 0, 8, 3], "rotation": 180, "texture": "#1"},
				"east": {"uv": [7, 6, 8, 9], "rotation": 180, "texture": "#1"},
				"south": {"uv": [7, 3, 8, 6], "rotation": 180, "texture": "#1"},
				"west": {"uv": [1, 7, 2, 10], "rotation": 180, "texture": "#1"},
				"up": {"uv": [10, 7, 9, 8], "rotation": 180, "texture": "#1"},
				"down": {"uv": [8, 10, 7, 9], "rotation": 180, "texture": "#1"}
			}
		},
		{
			"name": "leftarm",
			"from": [0, 20, 6.1],
			"to": [4, 32, 10.1],
			"rotation": {"angle": 22.5, "axis": "z", "origin": [2, 22, 8]},
			"faces": {
				"north": {"uv": [8, 0, 9, 3], "rotation": 180, "texture": "#1"},
				"east": {"uv": [8, 3, 9, 6], "rotation": 180, "texture": "#1"},
				"south": {"uv": [3, 8, 4, 11], "rotation": 180, "texture": "#1"},
				"west": {"uv": [2, 8, 3, 11], "rotation": 180, "texture": "#1"},
				"up": {"uv": [10, 8, 9, 9], "rotation": 180, "texture": "#1"},
				"down": {"uv": [9, 10, 8, 9], "rotation": 180, "texture": "#1"}
			}
		},
		{
			"name": "body",
			"from": [4, 12, 6],
			"to": [12, 24, 10],
			"faces": {
				"north": {"uv": [0, 0, 2, 3], "texture": "#1"},
				"east": {"uv": [8, 6, 9, 9], "texture": "#1"},
				"south": {"uv": [2, 0, 4, 3], "texture": "#1"},
				"west": {"uv": [9, 0, 10, 3], "texture": "#1"},
				"up": {"uv": [11, 4, 9, 3], "texture": "#1"},
				"down": {"uv": [6, 9, 4, 10], "texture": "#1"}
			}
		},
		{
			"name": "head",
			"from": [4, 24, 4],
			"to": [12, 32, 12],
			"faces": {
				"north": {"uv": [0, 3, 2, 5], "texture": "#1"},
				"east": {"uv": [2, 3, 4, 5], "texture": "#1"},
				"south": {"uv": [4, 0, 6, 2], "texture": "#1"},
				"west": {"uv": [4, 2, 6, 4], "texture": "#1"},
				"up": {"uv": [6, 6, 4, 4], "texture": "#1"},
				"down": {"uv": [2, 5, 0, 7], "texture": "#1"}
			}
		}
	],
	"display": {
		"head": {
			"translation": [0, -32, 0],
			"scale": [1.6, 1.6, 1.6]
		}
	},
	"groups": [
		{
			"name": "heroin_main",
			"origin": [8, 8, 8],
			"children": [0, 1, 2, 3, 4, 5]
		}
	]
}