{
  "parent": "item/handheld_rod",
  "textures": {
    "layer0": "item/carrot_on_a_stick"
  },
  "overrides": [
    {
      "predicate": {
        "custom_model_data": 100000
      },
      "model": "mb:item/royal_crown"
    },
    {
      "predicate": {
        "custom_model_data": 100001
      },
      "model": "mb:item/slimey_spring"
    },
    {
      "predicate": {
        "custom_model_data": 100003
      },
      "model": "mb:item/royal_jello"
    },
    {
      "predicate": {
        "custom_model_data": 100004
      },
      "model": "mb:item/gelatinous_matter"
    },
    {
      "predicate": {
        "custom_model_data": 200000
      },
      "model": "mb:item/shattered_mirror"
    },
    {
      "predicate": {
        "custom_model_data": 200001
      },
      "model": "mb:item/shattered_mirror_active"
    },
    {
      "predicate": {
        "custom_model_data": 200002
      },
      "model": "mb:item/dimensional_ripper"
    },
    {
      "predicate": {
        "custom_model_data": 200003
      },
      "model": "mb:item/cursed_calcium"
    },
    {
      "predicate": {
        "custom_model_data": 200004
      },
      "model": "mb:item/bone_buckler"
    },
    {
      "predicate": {
        "custom_model_data": 200005
      },
      "model": "mb:item/possessed_skull"
    },
    {
      "predicate": {
        "custom_model_data": 200006
      },
      "model": "mb:item/soul_leech"
    },
    {
      "predicate": {
        "custom_model_data": 300002
      },
      "model": "mb:item/mysterious_script"
    },
    {
      "predicate": {
        "custom_model_data": 300009
      },
      "model": "mb:item/bruce"
    },
    {
      "predicate": {
        "custom_model_data": 300010
      },
      "model": "mb:item/rattled_hive"
    },
    {
      "predicate": {
        "custom_model_data": 300011
      },
      "model": "mb:item/pollinator"
    },
    {
      "predicate": {
        "custom_model_data": 300012
      },
      "model": "mb:item/venom_quiver"
    },
    {
      "predicate": {
        "custom_model_data": 300013
      },
      "model": "mb:item/royal_nectar"
    },
    {
      "predicate": {
        "custom_model_data": 300014
      },
      "model": "mb:item/hive_mind"
    }
  ]
}