{
	"credit": "Made with Blockbench",
	"texture_size": [64, 64],
	"textures": {
		"0": "mb:item/secret/secret",
		"particle": "mb:item/secret/secret"
	},
	"elements": [
		{
			"name": "leg1",
			"from": [0, 0, 0],
			"to": [4, 8, 4],
			"faces": {
				"north": {"uv": [5.75, 0, 6.75, 2], "texture": "#0"},
				"east": {"uv": [0, 6, 1, 8], "texture": "#0"},
				"south": {"uv": [6, 6, 7, 8], "texture": "#0"},
				"west": {"uv": [6, 3.5, 7, 5.5], "texture": "#0"},
				"up": {"uv": [5.5, 4.5, 4.5, 3.5], "texture": "#0"},
				"down": {"uv": [5, 7.5, 4, 8.5], "texture": "#0"}
			}
		},
		{
			"name": "leg2",
			"from": [5, 0, 0],
			"to": [9, 8, 4],
			"faces": {
				"north": {"uv": [1, 6.75, 2, 8.75], "texture": "#0"},
				"east": {"uv": [2, 6.75, 3, 8.75], "texture": "#0"},
				"south": {"uv": [3, 6.75, 4, 8.75], "texture": "#0"},
				"west": {"uv": [6.75, 0, 7.75, 2], "texture": "#0"},
				"up": {"uv": [6, 8.5, 5, 7.5], "texture": "#0"},
				"down": {"uv": [8.75, 0, 7.75, 1], "texture": "#0"}
			}
		},
		{
			"name": "body",
			"from": [0, 8, -1],
			"to": [9, 20, 5],
			"faces": {
				"north": {"uv": [0, 0, 2.25, 3], "texture": "#0"},
				"east": {"uv": [0, 3, 1.5, 6], "texture": "#0"},
				"south": {"uv": [2.25, 2.25, 4.5, 5.25], "texture": "#0"},
				"west": {"uv": [4.5, 4.5, 6, 7.5], "texture": "#0"},
				"up": {"uv": [6.75, 3.5, 4.5, 2], "texture": "#0"},
				"down": {"uv": [3.75, 5.25, 1.5, 6.75], "texture": "#0"}
			}
		},
		{
			"name": "back",
			"from": [1, 10, 5],
			"to": [8, 18, 8],
			"faces": {
				"north": {"uv": [2.25, 0, 4, 2], "texture": "#0"},
				"east": {"uv": [1.5, 3, 2.25, 5], "texture": "#0"},
				"south": {"uv": [4, 0, 5.75, 2], "texture": "#0"},
				"west": {"uv": [7, 3, 7.75, 5], "texture": "#0"},
				"up": {"uv": [8.75, 5.75, 7, 5], "texture": "#0"},
				"down": {"uv": [8.75, 5.75, 7, 6.5], "texture": "#0"}
			}
		},
		{
			"name": "face",
			"from": [1, 14, -2],
			"to": [8, 18, -1],
			"faces": {
				"north": {"uv": [6.75, 2, 8.5, 3], "texture": "#0"},
				"east": {"uv": [3.75, 5.25, 4, 6.25], "texture": "#0"},
				"south": {"uv": [7, 7, 8.75, 8], "texture": "#0"},
				"west": {"uv": [4, 5.25, 4.25, 6.25], "texture": "#0"},
				"up": {"uv": [4, 2.25, 2.25, 2], "texture": "#0"},
				"down": {"uv": [8.75, 6.5, 7, 6.75], "texture": "#0"}
			}
		}
	],
	"display": {
		"thirdperson_righthand": {
			"translation": [1.75, 1.75, 5.5],
			"scale": [0.5, 0.5, 0.5]
		},
		"thirdperson_lefthand": {
			"translation": [1.75, 1.75, 5.5],
			"scale": [0.5, 0.5, 0.5]
		},
		"firstperson_righthand": {
			"rotation": [0, 121, 0],
			"translation": [-1, 1.75, 0.75],
			"scale": [0.5, 0.5, 0.5]
		},
		"firstperson_lefthand": {
			"rotation": [0, 121, 0],
			"translation": [2.75, 1.75, 2.25],
			"scale": [0.5, 0.5, 0.5]
		},
		"ground": {
			"translation": [2, 6.75, 5]
		},
		"gui": {
			"rotation": [0, -159, 0],
			"translation": [-3.25, -1.25, 0],
			"scale": [0.6, 0.6, 0.6]
		},
		"head": {
			"translation": [6.75, -29.25, 11],
			"scale": [1.8, 1.8, 1.8]
		},
		"fixed": {
			"translation": [4.25, -1.75, 1.25]
		}
	},
	"groups": [
		{
			"name": "sus",
			"origin": [8, 8, 8],
			"children": [0, 1, 2, 3, 4]
		}
	]
}