{
	"credit": "Made with Blockbench",
	"textures": {
		"2": "mb:item/soul_dragon/body"
	},
	"elements": [
		{
			"from": [9, -1, 0],
			"to": [11, 0, 2],
			"rotation": {"angle": 0, "axis": "y", "origin": [0, -1, 0]},
			"faces": {
				"north": {"uv": [6, 5, 8, 6], "texture": "#2"},
				"east": {"uv": [9, 7, 11, 8], "texture": "#2"},
				"south": {"uv": [11, 9, 13, 10], "texture": "#2"},
				"west": {"uv": [10, 11, 12, 12], "texture": "#2"},
				"up": {"uv": [11, 5, 9, 3], "texture": "#2"},
				"down": {"uv": [11, 5, 9, 7], "texture": "#2"}
			}
		},
		{
			"from": [9, -1, 4],
			"to": [11, 0, 6],
			"rotation": {"angle": 0, "axis": "y", "origin": [0, -1, 4]},
			"faces": {
				"north": {"uv": [6, 5, 8, 6], "texture": "#2"},
				"east": {"uv": [9, 7, 11, 8], "texture": "#2"},
				"south": {"uv": [11, 9, 13, 10], "texture": "#2"},
				"west": {"uv": [10, 11, 12, 12], "texture": "#2"},
				"up": {"uv": [11, 5, 9, 3], "texture": "#2"},
				"down": {"uv": [11, 5, 9, 7], "texture": "#2"}
			}
		},
		{
			"from": [9, -1, 8],
			"to": [11, 0, 10],
			"rotation": {"angle": 0, "axis": "y", "origin": [0, -1, 8]},
			"faces": {
				"north": {"uv": [6, 5, 8, 6], "texture": "#2"},
				"east": {"uv": [9, 7, 11, 8], "texture": "#2"},
				"south": {"uv": [11, 9, 13, 10], "texture": "#2"},
				"west": {"uv": [10, 11, 12, 12], "texture": "#2"},
				"up": {"uv": [11, 5, 9, 3], "texture": "#2"},
				"down": {"uv": [11, 5, 9, 7], "texture": "#2"}
			}
		},
		{
			"from": [4, -1, 0],
			"to": [5, 5, 2],
			"rotation": {"angle": 0, "axis": "y", "origin": [0, -1, 0]},
			"faces": {
				"north": {"uv": [8, 2, 9, 8], "texture": "#2"},
				"east": {"uv": [0, 0, 2, 6], "texture": "#2"},
				"south": {"uv": [4, 8, 5, 14], "texture": "#2"},
				"west": {"uv": [2, 0, 4, 6], "texture": "#2"},
				"up": {"uv": [1, 14, 0, 12], "texture": "#2"},
				"down": {"uv": [13, 0, 12, 2], "texture": "#2"}
			}
		},
		{
			"from": [4, -1, 4],
			"to": [5, 5, 6],
			"rotation": {"angle": 0, "axis": "y", "origin": [0, -1, 4]},
			"faces": {
				"north": {"uv": [8, 2, 9, 8], "texture": "#2"},
				"east": {"uv": [0, 0, 2, 6], "texture": "#2"},
				"south": {"uv": [4, 8, 5, 14], "texture": "#2"},
				"west": {"uv": [2, 0, 4, 6], "texture": "#2"},
				"up": {"uv": [1, 14, 0, 12], "texture": "#2"},
				"down": {"uv": [13, 0, 12, 2], "texture": "#2"}
			}
		},
		{
			"from": [4, -1, 8],
			"to": [5, 5, 10],
			"rotation": {"angle": 0, "axis": "y", "origin": [0, -1, 8]},
			"faces": {
				"north": {"uv": [8, 2, 9, 8], "texture": "#2"},
				"east": {"uv": [0, 0, 2, 6], "texture": "#2"},
				"south": {"uv": [4, 8, 5, 14], "texture": "#2"},
				"west": {"uv": [2, 0, 4, 6], "texture": "#2"},
				"up": {"uv": [1, 14, 0, 12], "texture": "#2"},
				"down": {"uv": [13, 0, 12, 2], "texture": "#2"}
			}
		},
		{
			"from": [11, -1, 0],
			"to": [12, 5, 2],
			"rotation": {"angle": 0, "axis": "y", "origin": [0, -1, 0]},
			"faces": {
				"north": {"uv": [5, 8, 6, 14], "texture": "#2"},
				"east": {"uv": [4, 0, 6, 6], "texture": "#2"},
				"south": {"uv": [6, 8, 7, 14], "texture": "#2"},
				"west": {"uv": [0, 6, 2, 12], "texture": "#2"},
				"up": {"uv": [2, 14, 1, 12], "texture": "#2"},
				"down": {"uv": [13, 5, 12, 7], "texture": "#2"}
			}
		},
		{
			"from": [11, -1, 4],
			"to": [12, 5, 6],
			"rotation": {"angle": 0, "axis": "y", "origin": [0, -1, 4]},
			"faces": {
				"north": {"uv": [5, 8, 6, 14], "texture": "#2"},
				"east": {"uv": [4, 0, 6, 6], "texture": "#2"},
				"south": {"uv": [6, 8, 7, 14], "texture": "#2"},
				"west": {"uv": [0, 6, 2, 12], "texture": "#2"},
				"up": {"uv": [2, 14, 1, 12], "texture": "#2"},
				"down": {"uv": [13, 5, 12, 7], "texture": "#2"}
			}
		},
		{
			"from": [11, -1, 8],
			"to": [12, 5, 10],
			"rotation": {"angle": 0, "axis": "y", "origin": [0, -1, 8]},
			"faces": {
				"north": {"uv": [5, 8, 6, 14], "texture": "#2"},
				"east": {"uv": [4, 0, 6, 6], "texture": "#2"},
				"south": {"uv": [6, 8, 7, 14], "texture": "#2"},
				"west": {"uv": [0, 6, 2, 12], "texture": "#2"},
				"up": {"uv": [2, 14, 1, 12], "texture": "#2"},
				"down": {"uv": [13, 5, 12, 7], "texture": "#2"}
			}
		},
		{
			"from": [5, 4, 0],
			"to": [11, 5, 2],
			"rotation": {"angle": 0, "axis": "y", "origin": [0, -1, 0]},
			"faces": {
				"north": {"uv": [7, 8, 13, 9], "texture": "#2"},
				"east": {"uv": [11, 10, 13, 11], "texture": "#2"},
				"south": {"uv": [9, 2, 15, 3], "texture": "#2"},
				"west": {"uv": [12, 7, 14, 8], "texture": "#2"},
				"up": {"uv": [12, 2, 6, 0], "texture": "#2"},
				"down": {"uv": [8, 6, 2, 8], "texture": "#2"}
			}
		},
		{
			"from": [5, 4, 4],
			"to": [11, 5, 6],
			"rotation": {"angle": 0, "axis": "y", "origin": [0, -1, 4]},
			"faces": {
				"north": {"uv": [7, 8, 13, 9], "texture": "#2"},
				"east": {"uv": [11, 10, 13, 11], "texture": "#2"},
				"south": {"uv": [9, 2, 15, 3], "texture": "#2"},
				"west": {"uv": [12, 7, 14, 8], "texture": "#2"},
				"up": {"uv": [12, 2, 6, 0], "texture": "#2"},
				"down": {"uv": [8, 6, 2, 8], "texture": "#2"}
			}
		},
		{
			"from": [5, 4, 8],
			"to": [11, 5, 10],
			"rotation": {"angle": 0, "axis": "y", "origin": [0, -1, 8]},
			"faces": {
				"north": {"uv": [7, 8, 13, 9], "texture": "#2"},
				"east": {"uv": [11, 10, 13, 11], "texture": "#2"},
				"south": {"uv": [9, 2, 15, 3], "texture": "#2"},
				"west": {"uv": [12, 7, 14, 8], "texture": "#2"},
				"up": {"uv": [12, 2, 6, 0], "texture": "#2"},
				"down": {"uv": [8, 6, 2, 8], "texture": "#2"}
			}
		},
		{
			"from": [5, -1, 0],
			"to": [7, 0, 2],
			"rotation": {"angle": 0, "axis": "y", "origin": [0, -1, 0]},
			"faces": {
				"north": {"uv": [10, 12, 12, 13], "texture": "#2"},
				"east": {"uv": [12, 11, 14, 12], "texture": "#2"},
				"south": {"uv": [12, 12, 14, 13], "texture": "#2"},
				"west": {"uv": [13, 0, 15, 1], "texture": "#2"},
				"up": {"uv": [9, 11, 7, 9], "texture": "#2"},
				"down": {"uv": [11, 9, 9, 11], "texture": "#2"}
			}
		},
		{
			"from": [5, -1, 4],
			"to": [7, 0, 6],
			"rotation": {"angle": 0, "axis": "y", "origin": [0, -1, 4]},
			"faces": {
				"north": {"uv": [10, 12, 12, 13], "texture": "#2"},
				"east": {"uv": [12, 11, 14, 12], "texture": "#2"},
				"south": {"uv": [12, 12, 14, 13], "texture": "#2"},
				"west": {"uv": [13, 0, 15, 1], "texture": "#2"},
				"up": {"uv": [9, 11, 7, 9], "texture": "#2"},
				"down": {"uv": [11, 9, 9, 11], "texture": "#2"}
			}
		},
		{
			"from": [5, -1, 8],
			"to": [7, 0, 10],
			"rotation": {"angle": 0, "axis": "y", "origin": [0, -1, 8]},
			"faces": {
				"north": {"uv": [10, 12, 12, 13], "texture": "#2"},
				"east": {"uv": [12, 11, 14, 12], "texture": "#2"},
				"south": {"uv": [12, 12, 14, 13], "texture": "#2"},
				"west": {"uv": [13, 0, 15, 1], "texture": "#2"},
				"up": {"uv": [9, 11, 7, 9], "texture": "#2"},
				"down": {"uv": [11, 9, 9, 11], "texture": "#2"}
			}
		},
		{
			"from": [7, 4, 2],
			"to": [9, 5, 4],
			"rotation": {"angle": 0, "axis": "y", "origin": [0, -1, 0]},
			"faces": {
				"north": {"uv": [13, 1, 15, 2], "texture": "#2"},
				"east": {"uv": [2, 13, 4, 14], "texture": "#2"},
				"south": {"uv": [13, 3, 15, 4], "texture": "#2"},
				"west": {"uv": [13, 4, 15, 5], "texture": "#2"},
				"up": {"uv": [4, 13, 2, 11], "texture": "#2"},
				"down": {"uv": [13, 3, 11, 5], "texture": "#2"}
			}
		},
		{
			"from": [7, 4, 6],
			"to": [9, 5, 8],
			"rotation": {"angle": 0, "axis": "y", "origin": [0, -1, 4]},
			"faces": {
				"north": {"uv": [13, 1, 15, 2], "texture": "#2"},
				"east": {"uv": [2, 13, 4, 14], "texture": "#2"},
				"south": {"uv": [13, 3, 15, 4], "texture": "#2"},
				"west": {"uv": [13, 4, 15, 5], "texture": "#2"},
				"up": {"uv": [4, 13, 2, 11], "texture": "#2"},
				"down": {"uv": [13, 3, 11, 5], "texture": "#2"}
			}
		},
		{
			"from": [7, 4, 10],
			"to": [9, 5, 12],
			"rotation": {"angle": 0, "axis": "y", "origin": [0, -1, 8]},
			"faces": {
				"north": {"uv": [13, 1, 15, 2], "texture": "#2"},
				"east": {"uv": [2, 13, 4, 14], "texture": "#2"},
				"south": {"uv": [13, 3, 15, 4], "texture": "#2"},
				"west": {"uv": [13, 4, 15, 5], "texture": "#2"},
				"up": {"uv": [4, 13, 2, 11], "texture": "#2"},
				"down": {"uv": [13, 3, 11, 5], "texture": "#2"}
			}
		},
		{
			"from": [7.5, 5, -1],
			"to": [8.5, 8, 1],
			"rotation": {"angle": 22.5, "axis": "x", "origin": [0, -1, 0]},
			"faces": {
				"north": {"uv": [11, 5, 12, 8], "texture": "#2"},
				"east": {"uv": [6, 2, 8, 5], "texture": "#2"},
				"south": {"uv": [7, 11, 8, 14], "texture": "#2"},
				"west": {"uv": [2, 8, 4, 11], "texture": "#2"},
				"up": {"uv": [9, 13, 8, 11], "texture": "#2"},
				"down": {"uv": [10, 11, 9, 13], "texture": "#2"}
			}
		},
		{
			"from": [7.5, 5, 3],
			"to": [8.5, 8, 5],
			"rotation": {"angle": 22.5, "axis": "x", "origin": [0, -1, 4]},
			"faces": {
				"north": {"uv": [11, 5, 12, 8], "texture": "#2"},
				"east": {"uv": [6, 2, 8, 5], "texture": "#2"},
				"south": {"uv": [7, 11, 8, 14], "texture": "#2"},
				"west": {"uv": [2, 8, 4, 11], "texture": "#2"},
				"up": {"uv": [9, 13, 8, 11], "texture": "#2"},
				"down": {"uv": [10, 11, 9, 13], "texture": "#2"}
			}
		},
		{
			"from": [7.5, 5, 7],
			"to": [8.5, 8, 9],
			"rotation": {"angle": 22.5, "axis": "x", "origin": [0, -1, 8]},
			"faces": {
				"north": {"uv": [11, 5, 12, 8], "texture": "#2"},
				"east": {"uv": [6, 2, 8, 5], "texture": "#2"},
				"south": {"uv": [7, 11, 8, 14], "texture": "#2"},
				"west": {"uv": [2, 8, 4, 11], "texture": "#2"},
				"up": {"uv": [9, 13, 8, 11], "texture": "#2"},
				"down": {"uv": [10, 11, 9, 13], "texture": "#2"}
			}
		}
	],
	"display": {
		"head": {
			"translation": [0, 14.75, 13.75],
			"scale": [2.5, 2.5, 2.5]
		}
	},
	"groups": [
		{
			"name": "body",
			"origin": [8, 8, 8],
			"children": [0, 1, 2, 3, 4, 5, 6, 7, 8, 9, 10, 11, 12, 13, 14, 15, 16, 17, 18, 19, 20]
		}
	]
}