{
	"credit": "Made with Blockbench",
	"textures": {
		"2": "mb:item/soul_dragon/skull",
		"particle": "mb:item/soul_dragon/skull"
	},
	"elements": [
		{
			"from": [10, 1, 3],
			"to": [11, 3, 5],
			"rotation": {"angle": -45, "axis": "x", "origin": [0, 0, 2]},
			"faces": {
				"north": {"uv": [13.5, 0, 14, 1], "texture": "#2"},
				"east": {"uv": [7, 10.5, 8, 11.5], "texture": "#2"},
				"south": {"uv": [13.5, 1, 14, 2], "texture": "#2"},
				"west": {"uv": [12.5, 9.5, 13.5, 10.5], "texture": "#2"},
				"up": {"uv": [14, 3, 13.5, 2], "texture": "#2"},
				"down": {"uv": [3.5, 13.5, 3, 14.5], "texture": "#2"}
			}
		},
		{
			"from": [5, 1, 3],
			"to": [6, 3, 5],
			"rotation": {"angle": -45, "axis": "x", "origin": [0, 0, 2]},
			"faces": {
				"north": {"uv": [13.5, 3, 14, 4], "texture": "#2"},
				"east": {"uv": [12.5, 10.5, 13.5, 11.5], "texture": "#2"},
				"south": {"uv": [3.5, 13.5, 4, 14.5], "texture": "#2"},
				"west": {"uv": [8.5, 13, 9.5, 14], "texture": "#2"},
				"up": {"uv": [4.5, 14.5, 4, 13.5], "texture": "#2"},
				"down": {"uv": [14, 4, 13.5, 5], "texture": "#2"}
			}
		},
		{
			"from": [4, 0, 0],
			"to": [12, 3, 5],
			"rotation": {"angle": 0, "axis": "y", "origin": [0, 0, 2]},
			"faces": {
				"north": {"uv": [8, 5, 12, 6.5], "texture": "#2"},
				"east": {"uv": [8.5, 11.5, 11, 13], "texture": "#2"},
				"south": {"uv": [8, 6.5, 12, 8], "texture": "#2"},
				"west": {"uv": [11, 11.5, 13.5, 13], "texture": "#2"},
				"up": {"uv": [12, 2.5, 8, 0], "texture": "#2"},
				"down": {"uv": [12, 2.5, 8, 5], "texture": "#2"}
			}
		},
		{
			"from": [10.5, 12.5, 6.5],
			"to": [11.5, 13.5, 7.5],
			"rotation": {"angle": 45, "axis": "x", "origin": [0, 0, 1.5]},
			"faces": {
				"north": {"uv": [4.5, 13.5, 5, 14], "texture": "#2"},
				"east": {"uv": [5, 13.5, 5.5, 14], "texture": "#2"},
				"south": {"uv": [13.5, 5, 14, 5.5], "texture": "#2"},
				"west": {"uv": [5.5, 13.5, 6, 14], "texture": "#2"},
				"up": {"uv": [14, 6, 13.5, 5.5], "texture": "#2"},
				"down": {"uv": [14, 6, 13.5, 6.5], "texture": "#2"}
			}
		},
		{
			"from": [4.5, 12.5, 6.5],
			"to": [5.5, 13.5, 7.5],
			"rotation": {"angle": 45, "axis": "x", "origin": [0, 0, 1.5]},
			"faces": {
				"north": {"uv": [13.5, 6.5, 14, 7], "texture": "#2"},
				"east": {"uv": [13.5, 7, 14, 7.5], "texture": "#2"},
				"south": {"uv": [13.5, 7.5, 14, 8], "texture": "#2"},
				"west": {"uv": [13.5, 8, 14, 8.5], "texture": "#2"},
				"up": {"uv": [14, 9, 13.5, 8.5], "texture": "#2"},
				"down": {"uv": [14, 9, 13.5, 9.5], "texture": "#2"}
			}
		},
		{
			"from": [4, 13.5, 4.5],
			"to": [6, 15.5, 7.5],
			"rotation": {"angle": 45, "axis": "x", "origin": [0, 0, 1.5]},
			"faces": {
				"north": {"uv": [9.5, 13, 10.5, 14], "texture": "#2"},
				"east": {"uv": [12, 6, 13.5, 7], "texture": "#2"},
				"south": {"uv": [10.5, 13, 11.5, 14], "texture": "#2"},
				"west": {"uv": [12, 7, 13.5, 8], "texture": "#2"},
				"up": {"uv": [8, 10.5, 7, 9], "texture": "#2"},
				"down": {"uv": [4, 11, 3, 12.5], "texture": "#2"}
			}
		},
		{
			"from": [10, 13.5, 4.5],
			"to": [12, 15.5, 7.5],
			"rotation": {"angle": 45, "axis": "x", "origin": [0, 0, 1.5]},
			"faces": {
				"north": {"uv": [11.5, 13, 12.5, 14], "texture": "#2"},
				"east": {"uv": [3, 12.5, 4.5, 13.5], "texture": "#2"},
				"south": {"uv": [12.5, 13, 13.5, 14], "texture": "#2"},
				"west": {"uv": [4.5, 12.5, 6, 13.5], "texture": "#2"},
				"up": {"uv": [7, 14, 6, 12.5], "texture": "#2"},
				"down": {"uv": [13.5, 8, 12.5, 9.5], "texture": "#2"}
			}
		},
		{
			"from": [9.5, 8.5, 1.5],
			"to": [12.5, 15.5, 4.5],
			"rotation": {"angle": 45, "axis": "x", "origin": [0, 0, 1.5]},
			"faces": {
				"north": {"uv": [8, 8, 9.5, 11.5], "texture": "#2"},
				"east": {"uv": [4, 9, 5.5, 12.5], "texture": "#2"},
				"south": {"uv": [5.5, 9, 7, 12.5], "texture": "#2"},
				"west": {"uv": [9.5, 8, 11, 11.5], "texture": "#2"},
				"up": {"uv": [13.5, 1.5, 12, 0], "texture": "#2"},
				"down": {"uv": [13.5, 1.5, 12, 3], "texture": "#2"}
			}
		},
		{
			"from": [3.5, 8.5, 1.5],
			"to": [6.5, 15.5, 4.5],
			"rotation": {"angle": 45, "axis": "x", "origin": [0, 0, 1.5]},
			"faces": {
				"north": {"uv": [0, 11, 1.5, 14.5], "texture": "#2"},
				"east": {"uv": [1.5, 11, 3, 14.5], "texture": "#2"},
				"south": {"uv": [11, 8, 12.5, 11.5], "texture": "#2"},
				"west": {"uv": [7, 11.5, 8.5, 15], "texture": "#2"},
				"up": {"uv": [13.5, 4.5, 12, 3], "texture": "#2"},
				"down": {"uv": [13.5, 4.5, 12, 6], "texture": "#2"}
			}
		},
		{
			"from": [4, 0, 5],
			"to": [12, 6, 13],
			"rotation": {"angle": 0, "axis": "y", "origin": [0, 0, 2]},
			"faces": {
				"north": {"uv": [4, 0, 8, 3], "texture": "#2"},
				"east": {"uv": [4, 3, 8, 6], "texture": "#2"},
				"south": {"uv": [4, 6, 8, 9], "texture": "#2"},
				"west": {"uv": [0, 8, 4, 11], "texture": "#2"},
				"up": {"uv": [4, 4, 0, 0], "texture": "#2"},
				"down": {"uv": [4, 4, 0, 8], "texture": "#2"}
			}
		},
		{
			"from": [7, 4, 13],
			"to": [9, 5, 15],
			"rotation": {"angle": 0, "axis": "y", "origin": [0, 0, 14.5]},
			"faces": {
				"north": {"uv": [13, 1, 15, 2], "texture": "#2"},
				"east": {"uv": [2, 13, 4, 14], "texture": "#2"},
				"south": {"uv": [13, 3, 15, 4], "texture": "#2"},
				"west": {"uv": [13, 4, 15, 5], "texture": "#2"},
				"up": {"uv": [4, 13, 2, 11], "texture": "#2"},
				"down": {"uv": [13, 3, 11, 5], "texture": "#2"}
			}
		}
	],
	"display": {
		"head": {
			"translation": [0, 12.5, 1.25],
			"scale": [2.5, 2.5, 2.5]
		}
	},
	"groups": [
		{
			"name": "skull",
			"origin": [8, 8, 8],
			"children": [0, 1, 2, 3, 4, 5, 6, 7, 8, 9, 10]
		}
	]
}