{
	"credit": "Made with Blockbench",
	"texture_size": [64, 64],
	"textures": {
		"0": "mb:item/queen_bee/bee_stinger_2",
		"particle": "mb:item/queen_bee/bee_stinger_2"
	},
	"elements": [
		{
			"name": "stinger1",
			"from": [8, 0, 2.5],
			"to": [8, 22, 13.5],
			"faces": {
				"north": {"uv": [0, 0, 0, 5.5], "texture": "#0"},
				"east": {"uv": [0, 0, 2.75, 5.5], "texture": "#0"},
				"south": {"uv": [0, 0, 0, 5.5], "texture": "#0"},
				"west": {"uv": [2.75, 2.75, 5.5, 8.25], "texture": "#0"},
				"up": {"uv": [0, 2.75, 0, 0], "texture": "#0"},
				"down": {"uv": [0, 0, 0, 2.75], "texture": "#0"}
			}
		},
		{
			"name": "stinger2",
			"from": [2.5, 0, 8],
			"to": [13.5, 22, 8],
			"faces": {
				"north": {"uv": [0, 5.5, 2.75, 11], "texture": "#0"},
				"east": {"uv": [0, 0, 0, 5.5], "texture": "#0"},
				"south": {"uv": [5.5, 5.5, 8.25, 11], "texture": "#0"},
				"west": {"uv": [0, 0, 0, 5.5], "texture": "#0"},
				"up": {"uv": [2.75, 0, 0, 0], "texture": "#0"},
				"down": {"uv": [2.75, 0, 0, 0], "texture": "#0"}
			}
		}
	],
	"display": {
		"thirdperson_righthand": {
			"translation": [0, 0, 0.5],
			"scale": [0.7, 0.7, 0.7]
		},
		"thirdperson_lefthand": {
			"translation": [0, 0, 0.5],
			"scale": [0.7, 0.7, 0.7]
		},
		"firstperson_righthand": {
			"translation": [0, -1.5, 0.5],
			"scale": [0.7, 0.7, 0.7]
		},
		"firstperson_lefthand": {
			"translation": [0, -1.5, 0.5],
			"scale": [0.7, 0.7, 0.7]
		},
		"ground": {
			"translation": [0, 2, 0],
			"scale": [0.5, 0.5, 0.5]
		},
		"gui": {
			"translation": [0, -2, 0],
			"scale": [0.7, 0.7, 0.7]
		},
		"head": {
			"rotation": [90, 0, 0],
			"translation": [0, -0.25, -7.5]
		},
		"fixed": {
			"rotation": [90, 0, 0],
			"translation": [0, 0, -12.75]
		}
	},
	"groups": [
		{
			"name": "stinger",
			"origin": [0, 0, 0],
			"children": [0, 1]
		}
	]
}