{
	"credit": "Made with Blockbench",
	"texture_size": [64, 64],
	"textures": {
		"0": "mb:item/queen_bee/hurt/queen_bee_honey",
		"1": "mb:item/queen_bee/hurt/queen_bee_top",
		"2": "mb:item/queen_bee/hurt/queen_bee_bottom",
		"3": "mb:item/queen_bee/hurt/queen_bee_extremities",
		"particle": "mb:item/queen_bee/hurt/queen_bee_honey"
	},
	"elements": [
		{
			"name": "arms1",
			"from": [-0.8, 8, 17.3],
			"to": [5.2, 15, 17.3],
			"rotation": {"angle": 45, "axis": "y", "origin": [0, -7, 0]},
			"faces": {
				"north": {"uv": [0, 5.5, 1.5, 7.25], "texture": "#3"},
				"east": {"uv": [0, 0, 0, 1.75], "texture": "#3"},
				"south": {"uv": [6.75, 6.75, 8.25, 8.5], "texture": "#3"},
				"west": {"uv": [0, 0, 0, 1.75], "texture": "#3"},
				"up": {"uv": [1.5, 0, 0, 0], "texture": "#3"},
				"down": {"uv": [1.5, 0, 0, 0], "texture": "#3"}
			}
		},
		{
			"name": "arms2",
			"from": [6, 8, 6],
			"to": [12, 15, 6],
			"rotation": {"angle": -45, "axis": "y", "origin": [0, -7, 0]},
			"faces": {
				"north": {"uv": [6.75, 0, 8.25, 1.75], "texture": "#3"},
				"east": {"uv": [0, 0, 0, 1.75], "texture": "#3"},
				"south": {"uv": [6.75, 1.75, 8.25, 3.5], "texture": "#3"},
				"west": {"uv": [0, 0, 0, 1.75], "texture": "#3"},
				"up": {"uv": [1.5, 0, 0, 0], "texture": "#3"},
				"down": {"uv": [1.5, 0, 0, 0], "texture": "#3"}
			}
		},
		{
			"name": "attenae1",
			"from": [12.3, 24, -3.7],
			"to": [12.3, 32, 5.3],
			"rotation": {"angle": -22.5, "axis": "y", "origin": [0, -7, 0]},
			"faces": {
				"north": {"uv": [0, 0, 0, 2], "texture": "#3"},
				"east": {"uv": [2.25, 0, 4.5, 2], "texture": "#3"},
				"south": {"uv": [0, 0, 0, 2], "texture": "#3"},
				"west": {"uv": [4.5, 0, 6.75, 2], "texture": "#3"},
				"up": {"uv": [0, 2.25, 0, 0], "texture": "#3"},
				"down": {"uv": [0, 0, 0, 2.25], "texture": "#3"}
			}
		},
		{
			"name": "attenae2",
			"from": [2.7, 24, 2.7],
			"to": [2.7, 32, 11.7],
			"rotation": {"angle": 22.5, "axis": "y", "origin": [0, -7, 0]},
			"faces": {
				"north": {"uv": [0, 0, 0, 2], "texture": "#3"},
				"east": {"uv": [4.5, 2, 6.75, 4], "texture": "#3"},
				"south": {"uv": [0, 0, 0, 2], "texture": "#3"},
				"west": {"uv": [2.25, 5, 4.5, 7], "texture": "#3"},
				"up": {"uv": [0, 2.25, 0, 0], "texture": "#3"},
				"down": {"uv": [0, 0, 0, 2.25], "texture": "#3"}
			}
		},
		{
			"name": "wing1",
			"from": [2.7, 7, 15.7],
			"to": [2.7, 18, 24.7],
			"rotation": {"angle": 22.5, "axis": "y", "origin": [0, -7, 0]},
			"faces": {
				"north": {"uv": [0, 0, 0, 2.75], "texture": "#3"},
				"east": {"uv": [0, 0, 2.25, 2.75], "texture": "#3"},
				"south": {"uv": [0, 0, 0, 2.75], "texture": "#3"},
				"west": {"uv": [2.25, 2.25, 4.5, 5], "texture": "#3"},
				"up": {"uv": [0, 2.25, 0, 0], "texture": "#3"},
				"down": {"uv": [0, 0, 0, 2.25], "texture": "#3"}
			}
		},
		{
			"name": "wing2",
			"from": [12.3, 7, 9.3],
			"to": [12.3, 18, 18.3],
			"rotation": {"angle": -22.5, "axis": "y", "origin": [0, -7, 0]},
			"faces": {
				"north": {"uv": [0, 0, 0, 2.75], "texture": "#3"},
				"east": {"uv": [0, 2.75, 2.25, 5.5], "texture": "#3"},
				"south": {"uv": [0, 0, 0, 2.75], "texture": "#3"},
				"west": {"uv": [4.5, 4.5, 6.75, 7.25], "texture": "#3"},
				"up": {"uv": [0, 2.25, 0, 0], "texture": "#3"},
				"down": {"uv": [0, 0, 0, 2.25], "texture": "#3"}
			}
		},
		{
			"name": "butt",
			"from": [0.5, -4.5, -4.5],
			"to": [15.5, 11.5, 10.5],
			"rotation": {"angle": 22.5, "axis": "x", "origin": [0, -7, 0]},
			"faces": {
				"north": {"uv": [0, 0, 3.75, 4], "texture": "#2"},
				"east": {"uv": [3.75, 3.75, 7.5, 7.75], "texture": "#2"},
				"south": {"uv": [0, 4, 3.75, 8], "texture": "#2"},
				"west": {"uv": [7.5, 7.5, 11.25, 11.5], "texture": "#2"},
				"up": {"uv": [7.5, 3.75, 3.75, 0], "texture": "#2"},
				"down": {"uv": [11.25, 0, 7.5, 3.75], "texture": "#2"}
			}
		},
		{
			"name": "body",
			"from": [4, 7, 8],
			"to": [12, 15, 14],
			"rotation": {"angle": 0, "axis": "x", "origin": [0, -7, 0]},
			"faces": {
				"north": {"uv": [5, 5.25, 7, 7.25], "texture": "#1"},
				"east": {"uv": [6, 2, 7.5, 4], "texture": "#1"},
				"south": {"uv": [6, 0, 8, 2], "texture": "#1"},
				"west": {"uv": [7, 7, 8.5, 9], "texture": "#1"},
				"up": {"uv": [9, 5.5, 7, 4], "texture": "#1"},
				"down": {"uv": [9, 5.5, 7, 7], "texture": "#1"}
			}
		},
		{
			"name": "head",
			"from": [2, 15, 5],
			"to": [14, 24, 15],
			"rotation": {"angle": 0, "axis": "x", "origin": [0, -7, 0]},
			"faces": {
				"north": {"uv": [3, 3, 6, 5.25], "texture": "#1"},
				"east": {"uv": [0, 5, 2.5, 7.25], "texture": "#1"},
				"south": {"uv": [3, 0, 6, 2.25], "texture": "#1"},
				"west": {"uv": [2.5, 5.25, 5, 7.5], "texture": "#1"},
				"up": {"uv": [3, 2.5, 0, 0], "texture": "#1"},
				"down": {"uv": [3, 2.5, 0, 5], "texture": "#1"}
			}
		},
		{
			"name": "stinger",
			"from": [8, -11, -5],
			"to": [8, -6, 4],
			"rotation": {"angle": -22.5, "axis": "x", "origin": [0, 0, 0]},
			"faces": {
				"north": {"uv": [0, 0, 0, 1.25], "texture": "#1"},
				"east": {"uv": [0, 7.25, 2.25, 8.5], "texture": "#1"},
				"south": {"uv": [0, 0, 0, 1.25], "texture": "#1"},
				"west": {"uv": [2.25, 7.5, 4.5, 8.75], "texture": "#1"},
				"up": {"uv": [0, 2.25, 0, 0], "texture": "#1"},
				"down": {"uv": [0, 0, 0, 2.25], "texture": "#1"}
			}
		},
		{
			"from": [14, 1, 9],
			"to": [16, 2, 11],
			"rotation": {"angle": 22.5, "axis": "x", "origin": [0, -7, 0]},
			"faces": {
				"north": {"uv": [5.5, 3.75, 6, 4], "texture": "#0"},
				"east": {"uv": [8, 7, 8.5, 7.25], "texture": "#0"},
				"south": {"uv": [8, 7.25, 8.5, 7.5], "texture": "#0"},
				"west": {"uv": [8, 7.5, 8.5, 7.75], "texture": "#0"},
				"up": {"uv": [6, 8, 5.5, 7.5], "texture": "#0"},
				"down": {"uv": [6.5, 7.5, 6, 8], "texture": "#0"}
			}
		},
		{
			"from": [14, 2, 10],
			"to": [15, 3, 11],
			"rotation": {"angle": 22.5, "axis": "x", "origin": [0, -7, 0]},
			"faces": {
				"north": {"uv": [2, 9, 2.25, 9.25], "texture": "#0"},
				"east": {"uv": [2.25, 9, 2.5, 9.25], "texture": "#0"},
				"south": {"uv": [2.5, 9, 2.75, 9.25], "texture": "#0"},
				"west": {"uv": [2.75, 9, 3, 9.25], "texture": "#0"},
				"up": {"uv": [3.25, 9.25, 3, 9], "texture": "#0"},
				"down": {"uv": [3.5, 9, 3.25, 9.25], "texture": "#0"}
			}
		},
		{
			"from": [15, 2, 9],
			"to": [16, 4, 10],
			"rotation": {"angle": 22.5, "axis": "x", "origin": [0, -7, 0]},
			"faces": {
				"north": {"uv": [4, 8.25, 4.25, 8.75], "texture": "#0"},
				"east": {"uv": [4.25, 8.25, 4.5, 8.75], "texture": "#0"},
				"south": {"uv": [4.5, 8.25, 4.75, 8.75], "texture": "#0"},
				"west": {"uv": [4.75, 8.25, 5, 8.75], "texture": "#0"},
				"up": {"uv": [4.25, 9.25, 4, 9], "texture": "#0"},
				"down": {"uv": [4.5, 9, 4.25, 9.25], "texture": "#0"}
			}
		},
		{
			"from": [14, 1, -5],
			"to": [16, 2, -3],
			"rotation": {"angle": 22.5, "axis": "x", "origin": [0, -7, 0]},
			"faces": {
				"north": {"uv": [8, 7.75, 8.5, 8], "texture": "#0"},
				"east": {"uv": [5, 8.25, 5.5, 8.5], "texture": "#0"},
				"south": {"uv": [7, 8.25, 7.5, 8.5], "texture": "#0"},
				"west": {"uv": [0, 8.5, 0.5, 8.75], "texture": "#0"},
				"up": {"uv": [7, 8, 6.5, 7.5], "texture": "#0"},
				"down": {"uv": [8, 7.5, 7.5, 8], "texture": "#0"}
			}
		},
		{
			"from": [15, 2, -5],
			"to": [16, 3, -3],
			"rotation": {"angle": 22.5, "axis": "x", "origin": [0, -7, 0]},
			"faces": {
				"north": {"uv": [4.5, 9, 4.75, 9.25], "texture": "#0"},
				"east": {"uv": [0.5, 8.5, 1, 8.75], "texture": "#0"},
				"south": {"uv": [4.75, 9, 5, 9.25], "texture": "#0"},
				"west": {"uv": [1, 8.5, 1.5, 8.75], "texture": "#0"},
				"up": {"uv": [1.75, 9, 1.5, 8.5], "texture": "#0"},
				"down": {"uv": [2, 8.5, 1.75, 9], "texture": "#0"}
			}
		},
		{
			"from": [15, 3, -5],
			"to": [16, 4, -4],
			"rotation": {"angle": 22.5, "axis": "x", "origin": [0, -7, 0]},
			"faces": {
				"north": {"uv": [5, 9, 5.25, 9.25], "texture": "#0"},
				"east": {"uv": [5.25, 9, 5.5, 9.25], "texture": "#0"},
				"south": {"uv": [5.5, 9, 5.75, 9.25], "texture": "#0"},
				"west": {"uv": [5.75, 9, 6, 9.25], "texture": "#0"},
				"up": {"uv": [6.25, 9.25, 6, 9], "texture": "#0"},
				"down": {"uv": [6.5, 9, 6.25, 9.25], "texture": "#0"}
			}
		},
		{
			"from": [14, 1, -1],
			"to": [16, 2, 2],
			"rotation": {"angle": 22.5, "axis": "x", "origin": [0, -7, 0]},
			"faces": {
				"north": {"uv": [2, 8.5, 2.5, 8.75], "texture": "#0"},
				"east": {"uv": [4, 3.75, 4.75, 4], "texture": "#0"},
				"south": {"uv": [2.5, 8.5, 3, 8.75], "texture": "#0"},
				"west": {"uv": [4.75, 3.75, 5.5, 4], "texture": "#0"},
				"up": {"uv": [4.5, 3.75, 4, 3], "texture": "#0"},
				"down": {"uv": [5, 3, 4.5, 3.75], "texture": "#0"}
			}
		},
		{
			"from": [14, 2, 0],
			"to": [16, 4, 1],
			"rotation": {"angle": 22.5, "axis": "x", "origin": [0, -7, 0]},
			"faces": {
				"north": {"uv": [7.5, 3, 8, 3.5], "texture": "#0"},
				"east": {"uv": [3, 8.5, 3.25, 9], "texture": "#0"},
				"south": {"uv": [7.5, 3.5, 8, 4], "texture": "#0"},
				"west": {"uv": [3.25, 8.5, 3.5, 9], "texture": "#0"},
				"up": {"uv": [4, 8.75, 3.5, 8.5], "texture": "#0"},
				"down": {"uv": [5.5, 8.5, 5, 8.75], "texture": "#0"}
			}
		},
		{
			"from": [14, 1, 4],
			"to": [16, 2, 7],
			"rotation": {"angle": 22.5, "axis": "x", "origin": [0, -7, 0]},
			"faces": {
				"north": {"uv": [5.5, 8.5, 6, 8.75], "texture": "#0"},
				"east": {"uv": [8, 3.5, 8.75, 3.75], "texture": "#0"},
				"south": {"uv": [6, 8.5, 6.5, 8.75], "texture": "#0"},
				"west": {"uv": [8, 3.75, 8.75, 4], "texture": "#0"},
				"up": {"uv": [5.5, 3.75, 5, 3], "texture": "#0"},
				"down": {"uv": [6, 3, 5.5, 3.75], "texture": "#0"}
			}
		},
		{
			"from": [14, 2, 5],
			"to": [16, 3, 7],
			"rotation": {"angle": 22.5, "axis": "x", "origin": [0, -7, 0]},
			"faces": {
				"north": {"uv": [6.5, 8.5, 7, 8.75], "texture": "#0"},
				"east": {"uv": [7, 8.5, 7.5, 8.75], "texture": "#0"},
				"south": {"uv": [7.5, 8.5, 8, 8.75], "texture": "#0"},
				"west": {"uv": [8, 8.5, 8.5, 8.75], "texture": "#0"},
				"up": {"uv": [8, 7.5, 7.5, 7], "texture": "#0"},
				"down": {"uv": [7.5, 7.75, 7, 8.25], "texture": "#0"}
			}
		},
		{
			"from": [9, 1, 9],
			"to": [12, 2, 11],
			"rotation": {"angle": 22.5, "axis": "x", "origin": [0, -7, 0]},
			"faces": {
				"north": {"uv": [8, 4, 8.75, 4.25], "texture": "#0"},
				"east": {"uv": [8.5, 8.5, 9, 8.75], "texture": "#0"},
				"south": {"uv": [8, 4.25, 8.75, 4.5], "texture": "#0"},
				"west": {"uv": [8.5, 0, 9, 0.25], "texture": "#0"},
				"up": {"uv": [6.75, 3.5, 6, 3], "texture": "#0"},
				"down": {"uv": [6.75, 3.5, 6, 4], "texture": "#0"}
			}
		},
		{
			"from": [9, 2, 9],
			"to": [11, 3, 11],
			"rotation": {"angle": 22.5, "axis": "x", "origin": [0, -7, 0]},
			"faces": {
				"north": {"uv": [8.5, 0.25, 9, 0.5], "texture": "#0"},
				"east": {"uv": [8.5, 0.5, 9, 0.75], "texture": "#0"},
				"south": {"uv": [8.5, 0.75, 9, 1], "texture": "#0"},
				"west": {"uv": [8.5, 1, 9, 1.25], "texture": "#0"},
				"up": {"uv": [0.5, 8.5, 0, 8], "texture": "#0"},
				"down": {"uv": [1, 8, 0.5, 8.5], "texture": "#0"}
			}
		},
		{
			"from": [4, 1, 9],
			"to": [7, 2, 11],
			"rotation": {"angle": 22.5, "axis": "x", "origin": [0, -7, 0]},
			"faces": {
				"north": {"uv": [8, 4.5, 8.75, 4.75], "texture": "#0"},
				"east": {"uv": [8.5, 1.25, 9, 1.5], "texture": "#0"},
				"south": {"uv": [8, 4.75, 8.75, 5], "texture": "#0"},
				"west": {"uv": [8.5, 1.5, 9, 1.75], "texture": "#0"},
				"up": {"uv": [7.5, 3.5, 6.75, 3], "texture": "#0"},
				"down": {"uv": [7.5, 3.5, 6.75, 4], "texture": "#0"}
			}
		},
		{
			"from": [5, 2, 9],
			"to": [7, 3, 11],
			"rotation": {"angle": 22.5, "axis": "x", "origin": [0, -7, 0]},
			"faces": {
				"north": {"uv": [8.5, 1.75, 9, 2], "texture": "#0"},
				"east": {"uv": [8.5, 2, 9, 2.25], "texture": "#0"},
				"south": {"uv": [8.5, 2.25, 9, 2.5], "texture": "#0"},
				"west": {"uv": [8.5, 2.5, 9, 2.75], "texture": "#0"},
				"up": {"uv": [1.5, 8.5, 1, 8], "texture": "#0"},
				"down": {"uv": [2, 8, 1.5, 8.5], "texture": "#0"}
			}
		},
		{
			"from": [5, 3, 9],
			"to": [6, 4, 11],
			"rotation": {"angle": 22.5, "axis": "x", "origin": [0, -7, 0]},
			"faces": {
				"north": {"uv": [6.5, 9, 6.75, 9.25], "texture": "#0"},
				"east": {"uv": [8.5, 2.75, 9, 3], "texture": "#0"},
				"south": {"uv": [6.75, 9, 7, 9.25], "texture": "#0"},
				"west": {"uv": [8.5, 3, 9, 3.25], "texture": "#0"},
				"up": {"uv": [8.75, 7.5, 8.5, 7], "texture": "#0"},
				"down": {"uv": [8.75, 7.5, 8.5, 8], "texture": "#0"}
			}
		},
		{
			"from": [4, 1, -5],
			"to": [7, 2, -3],
			"rotation": {"angle": 22.5, "axis": "x", "origin": [0, -7, 0]},
			"faces": {
				"north": {"uv": [8, 5, 8.75, 5.25], "texture": "#0"},
				"east": {"uv": [8.5, 3.25, 9, 3.5], "texture": "#0"},
				"south": {"uv": [8, 5.25, 8.75, 5.5], "texture": "#0"},
				"west": {"uv": [8.5, 8, 9, 8.25], "texture": "#0"},
				"up": {"uv": [4.75, 7.5, 4, 7], "texture": "#0"},
				"down": {"uv": [5.5, 7, 4.75, 7.5], "texture": "#0"}
			}
		},
		{
			"from": [5, 2, -5],
			"to": [7, 3, -3],
			"rotation": {"angle": 22.5, "axis": "x", "origin": [0, -7, 0]},
			"faces": {
				"north": {"uv": [8.5, 8.25, 9, 8.5], "texture": "#0"},
				"east": {"uv": [0, 8.75, 0.5, 9], "texture": "#0"},
				"south": {"uv": [0.5, 8.75, 1, 9], "texture": "#0"},
				"west": {"uv": [1, 8.75, 1.5, 9], "texture": "#0"},
				"up": {"uv": [2.5, 8.5, 2, 8], "texture": "#0"},
				"down": {"uv": [3, 8, 2.5, 8.5], "texture": "#0"}
			}
		},
		{
			"from": [5, 3, -5],
			"to": [6, 4, -3],
			"rotation": {"angle": 22.5, "axis": "x", "origin": [0, -7, 0]},
			"faces": {
				"north": {"uv": [7, 9, 7.25, 9.25], "texture": "#0"},
				"east": {"uv": [2, 8.75, 2.5, 9], "texture": "#0"},
				"south": {"uv": [7.25, 9, 7.5, 9.25], "texture": "#0"},
				"west": {"uv": [2.5, 8.75, 3, 9], "texture": "#0"},
				"up": {"uv": [3.75, 9.25, 3.5, 8.75], "texture": "#0"},
				"down": {"uv": [4, 8.75, 3.75, 9.25], "texture": "#0"}
			}
		},
		{
			"from": [9, 1, -5],
			"to": [12, 2, -3],
			"rotation": {"angle": 22.5, "axis": "x", "origin": [0, -7, 0]},
			"faces": {
				"north": {"uv": [8, 5.5, 8.75, 5.75], "texture": "#0"},
				"east": {"uv": [4, 8.75, 4.5, 9], "texture": "#0"},
				"south": {"uv": [8, 5.75, 8.75, 6], "texture": "#0"},
				"west": {"uv": [4.5, 8.75, 5, 9], "texture": "#0"},
				"up": {"uv": [6.25, 7.5, 5.5, 7], "texture": "#0"},
				"down": {"uv": [7, 7, 6.25, 7.5], "texture": "#0"}
			}
		},
		{
			"from": [9, 2, -5],
			"to": [11, 3, -3],
			"rotation": {"angle": 22.5, "axis": "x", "origin": [0, -7, 0]},
			"faces": {
				"north": {"uv": [5, 8.75, 5.5, 9], "texture": "#0"},
				"east": {"uv": [5.5, 8.75, 6, 9], "texture": "#0"},
				"south": {"uv": [6, 8.75, 6.5, 9], "texture": "#0"},
				"west": {"uv": [6.5, 8.75, 7, 9], "texture": "#0"},
				"up": {"uv": [3.5, 8.5, 3, 8], "texture": "#0"},
				"down": {"uv": [4, 8, 3.5, 8.5], "texture": "#0"}
			}
		},
		{
			"from": [0, 1, -5],
			"to": [2, 2, -3],
			"rotation": {"angle": 22.5, "axis": "x", "origin": [0, -7, 0]},
			"faces": {
				"north": {"uv": [7, 8.75, 7.5, 9], "texture": "#0"},
				"east": {"uv": [7.5, 8.75, 8, 9], "texture": "#0"},
				"south": {"uv": [8, 8.75, 8.5, 9], "texture": "#0"},
				"west": {"uv": [8.5, 8.75, 9, 9], "texture": "#0"},
				"up": {"uv": [6, 8.5, 5.5, 8], "texture": "#0"},
				"down": {"uv": [6.5, 8, 6, 8.5], "texture": "#0"}
			}
		},
		{
			"from": [0, 2, -5],
			"to": [1, 3, -3],
			"rotation": {"angle": 22.5, "axis": "x", "origin": [0, -7, 0]},
			"faces": {
				"north": {"uv": [7.5, 9, 7.75, 9.25], "texture": "#0"},
				"east": {"uv": [8.75, 3.5, 9.25, 3.75], "texture": "#0"},
				"south": {"uv": [7.75, 9, 8, 9.25], "texture": "#0"},
				"west": {"uv": [8.75, 3.75, 9.25, 4], "texture": "#0"},
				"up": {"uv": [9, 4.5, 8.75, 4], "texture": "#0"},
				"down": {"uv": [9, 4.5, 8.75, 5], "texture": "#0"}
			}
		},
		{
			"from": [0, 1, -1],
			"to": [2, 2, 2],
			"rotation": {"angle": 22.5, "axis": "x", "origin": [0, -7, 0]},
			"faces": {
				"north": {"uv": [8.75, 5, 9.25, 5.25], "texture": "#0"},
				"east": {"uv": [8, 6, 8.75, 6.25], "texture": "#0"},
				"south": {"uv": [8.75, 5.25, 9.25, 5.5], "texture": "#0"},
				"west": {"uv": [8, 6.25, 8.75, 6.5], "texture": "#0"},
				"up": {"uv": [7.5, 7.75, 7, 7], "texture": "#0"},
				"down": {"uv": [4.5, 7.5, 4, 8.25], "texture": "#0"}
			}
		},
		{
			"from": [0, 2, 0],
			"to": [2, 3, 2],
			"rotation": {"angle": 22.5, "axis": "x", "origin": [0, -7, 0]},
			"faces": {
				"north": {"uv": [8.75, 5.5, 9.25, 5.75], "texture": "#0"},
				"east": {"uv": [8.75, 5.75, 9.25, 6], "texture": "#0"},
				"south": {"uv": [8.75, 6, 9.25, 6.25], "texture": "#0"},
				"west": {"uv": [8.75, 6.25, 9.25, 6.5], "texture": "#0"},
				"up": {"uv": [7, 8.5, 6.5, 8], "texture": "#0"},
				"down": {"uv": [8, 8, 7.5, 8.5], "texture": "#0"}
			}
		},
		{
			"from": [0, 3, 0],
			"to": [2, 4, 1],
			"rotation": {"angle": 22.5, "axis": "x", "origin": [0, -7, 0]},
			"faces": {
				"north": {"uv": [8.75, 6.5, 9.25, 6.75], "texture": "#0"},
				"east": {"uv": [8, 9, 8.25, 9.25], "texture": "#0"},
				"south": {"uv": [8.75, 6.75, 9.25, 7], "texture": "#0"},
				"west": {"uv": [8.25, 9, 8.5, 9.25], "texture": "#0"},
				"up": {"uv": [9.25, 7.25, 8.75, 7], "texture": "#0"},
				"down": {"uv": [9.25, 7.25, 8.75, 7.5], "texture": "#0"}
			}
		},
		{
			"from": [0, 1, 4],
			"to": [2, 2, 7],
			"rotation": {"angle": 22.5, "axis": "x", "origin": [0, -7, 0]},
			"faces": {
				"north": {"uv": [8.75, 7.5, 9.25, 7.75], "texture": "#0"},
				"east": {"uv": [8, 6.5, 8.75, 6.75], "texture": "#0"},
				"south": {"uv": [8.75, 7.75, 9.25, 8], "texture": "#0"},
				"west": {"uv": [8, 6.75, 8.75, 7], "texture": "#0"},
				"up": {"uv": [5, 8.25, 4.5, 7.5], "texture": "#0"},
				"down": {"uv": [5.5, 7.5, 5, 8.25], "texture": "#0"}
			}
		},
		{
			"from": [0, 2, 4],
			"to": [2, 4, 6],
			"rotation": {"angle": 22.5, "axis": "x", "origin": [0, -7, 0]},
			"faces": {
				"north": {"uv": [8, 8, 8.5, 8.5], "texture": "#0"},
				"east": {"uv": [8, 0, 8.5, 0.5], "texture": "#0"},
				"south": {"uv": [8, 0.5, 8.5, 1], "texture": "#0"},
				"west": {"uv": [8, 1, 8.5, 1.5], "texture": "#0"},
				"up": {"uv": [8.5, 2, 8, 1.5], "texture": "#0"},
				"down": {"uv": [8.5, 2, 8, 2.5], "texture": "#0"}
			}
		},
		{
			"from": [0, 1, 9],
			"to": [2, 2, 11],
			"rotation": {"angle": 22.5, "axis": "x", "origin": [0, -7, 0]},
			"faces": {
				"north": {"uv": [0, 9, 0.5, 9.25], "texture": "#0"},
				"east": {"uv": [0.5, 9, 1, 9.25], "texture": "#0"},
				"south": {"uv": [1, 9, 1.5, 9.25], "texture": "#0"},
				"west": {"uv": [1.5, 9, 2, 9.25], "texture": "#0"},
				"up": {"uv": [8.5, 3, 8, 2.5], "texture": "#0"},
				"down": {"uv": [8.5, 3, 8, 3.5], "texture": "#0"}
			}
		},
		{
			"from": [0, 2, 10],
			"to": [1, 3, 11],
			"rotation": {"angle": 22.5, "axis": "x", "origin": [0, -7, 0]},
			"faces": {
				"north": {"uv": [8.5, 9, 8.75, 9.25], "texture": "#0"},
				"east": {"uv": [8.75, 9, 9, 9.25], "texture": "#0"},
				"south": {"uv": [9, 9, 9.25, 9.25], "texture": "#0"},
				"west": {"uv": [9, 0, 9.25, 0.25], "texture": "#0"},
				"up": {"uv": [9.25, 0.5, 9, 0.25], "texture": "#0"},
				"down": {"uv": [9.25, 0.5, 9, 0.75], "texture": "#0"}
			}
		},
		{
			"from": [0, -5, -5],
			"to": [16, 1, 11],
			"rotation": {"angle": 22.5, "axis": "x", "origin": [0, -7, 0]},
			"faces": {
				"north": {"uv": [4, 4, 8, 5.5], "texture": "#0"},
				"east": {"uv": [4, 0, 8, 1.5], "texture": "#0"},
				"south": {"uv": [4, 1.5, 8, 3], "texture": "#0"},
				"west": {"uv": [4, 5.5, 8, 7], "texture": "#0"},
				"up": {"uv": [4, 4, 0, 0], "texture": "#0"},
				"down": {"uv": [4, 4, 0, 8], "texture": "#0"}
			}
		}
	],
	"display": {
		"thirdperson_righthand": {
			"rotation": [45, 0, 0],
			"translation": [0, 0.75, -2.5],
			"scale": [0.5, 0.5, 0.5]
		},
		"thirdperson_lefthand": {
			"rotation": [45, 0, 0],
			"translation": [0, 0.75, -2.5],
			"scale": [0.5, 0.5, 0.5]
		},
		"firstperson_righthand": {
			"translation": [-2, 0, 0],
			"scale": [0.5, 0.5, 0.5]
		},
		"firstperson_lefthand": {
			"translation": [-2, 0, 0],
			"scale": [0.5, 0.5, 0.5]
		},
		"ground": {
			"translation": [0, 19, 0]
		},
		"gui": {
			"rotation": [0, 145, 0],
			"scale": [0.4, 0.4, 0.4]
		},
		"head": {
			"translation": [0, -50, 0],
			"scale": [4, 4, 4]
		},
		"fixed": {
			"translation": [0, -2, -4.25],
			"scale": [0.75, 0.75, 0.75]
		}
	},
	"groups": [
		{
			"name": "group",
			"origin": [8, 8, 8],
			"children": [
				{
					"name": "extremeties",
					"origin": [0, 0, 0],
					"children": [0, 1, 2, 3, 4, 5]
				},
				{
					"name": "bee",
					"origin": [0, 0, 0],
					"children": [6, 7, 8, 9]
				},
				{
					"name": "honey",
					"origin": [0, 0, 0],
					"children": [10, 11, 12, 13, 14, 15, 16, 17, 18, 19, 20, 21, 22, 23, 24, 25, 26, 27, 28, 29, 30, 31, 32, 33, 34, 35, 36, 37, 38, 39]
				}
			]
		}
	]
}